List Sr.No.,Set No.,2025 Set,First Name,Surname,Country,State Association,Age,Specialism,Price Rs in Cr. 
1,1,M1,Jos,Buttler,England,,34,WICKETKEEPER,200
2,1,M1,Shreyas,Iyer,India,MCA,30,BATTER,200
3,1,M1,Rishabh,Pant,India,DDCA,27,BATTER,200
4,1,M1,Kagiso,Rabada,South Africa,,29,BOWLER,200
5,1,M1,Arshdeep,Singh,India,PCA,26,BOWLER,200
6,1,M1,Mitchell,Starc,Australia,,35,BOWLER,200
7,2,M2,Yuzvendra,Chahal,India,HCA,34,BOWLER,200
8,2,M2,Liam,Livingstone,England,,31,ALL-ROUNDER,200
9,2,M2,David,Miller,South Africa,,35,BATTER,150
10,2,M2,KL,Rahul,India,KSCA,32,WICKETKEEPER,200
11,2,M2,Mohammad,Shami,India,CAB,34,BOWLER,200
12,2,M2,Mohammad,Siraj,India,HYCA,31,BOWLER,200
13,3,BA1,Harry,Brook,England,,26,BATTER,200
14,3,BA1,Devon,Conway,New Zealand,,33,BATTER,200
15,3,BA1,Jake,Fraser-Mcgurk,Australia,,22,BATTER,200
16,3,BA1,Aiden,Markram,South Africa,,30,BATTER,200
17,3,BA1,Devdutt,Padikkal,India,KSCA,24,BATTER,200
18,3,BA1,Rahul,Tripathi,India,MACA,34,BATTER,75
19,3,BA1,David,Warner,Australia,,38,BATTER,200
20,4,AL1,Ravichandaran,Ashwin,India,TNCA,38,ALL-ROUNDER,200
21,4,AL1,Venkatesh,Iyer,India,MPCA,30,ALL-ROUNDER,200
22,4,AL1,Mitchell,Marsh,Australia,,33,ALL-ROUNDER,200
23,4,AL1,Glenn,Maxwell,Australia,,36,ALL-ROUNDER,200
24,4,AL1,Harshal,Patel,India,HCA,34,ALL-ROUNDER,200
25,4,AL1,Rachin,Ravindra,New Zealand,,25,ALL-ROUNDER,150
26,4,AL1,Marcus,Stoinis,Australia,,35,ALL-ROUNDER,200
27,5,WK1,Jonny,Bairstow,England,,35,WICKETKEEPER,200
28,5,WK1,Quinton,De Kock,South Africa,,32,WICKETKEEPER,200
29,5,WK1,Rahmanullah,Gurbaz,Afghanistan,,23,WICKETKEEPER,200
30,5,WK1,Ishan,Kishan,India,JSCA,26,WICKETKEEPER,200
31,5,WK1,Phil,Salt,England,,28,WICKETKEEPER,200
32,5,WK1,Jitesh,Sharma,India,VCA,31,WICKETKEEPER,100
33,6,FA1,Syed Khaleel,Ahmed,India,RCA,27,BOWLER,200
34,6,FA1,Trent,Boult,New Zealand,,35,BOWLER,200
35,6,FA1,Josh,Hazlewood,Australia,,34,BOWLER,200
36,6,FA1,Avesh,Khan,India,MPCA,28,BOWLER,200
37,6,FA1,Prasidh,Krishna,India,KSCA,29,BOWLER,200
38,6,FA1,T.,Natarajan,India,TNCA,33,BOWLER,200
39,6,FA1,Anrich,Nortje,South Africa,,31,BOWLER,200
40,7,SP1,Noor,Ahmad,Afghanistan,,20,BOWLER,200
41,7,SP1,Rahul,Chahar,India,RCA,25,BOWLER,100
42,7,SP1,Wanindu,Hasaranga,Sri Lanka,,27,BOWLER,200
43,7,SP1,Waqar,Salamkheil,Afghanistan,,23,BOWLER,75
44,7,SP1,Maheesh,Theekshana,Sri Lanka,,24,BOWLER,200
45,7,SP1,Adam,Zampa,Australia,,32,BOWLER,200
46,8,UBA1,Yash,Dhull,India,DDCA,22,BATTER,30
47,8,UBA1,Abhinav,Manohar,India,KSCA,30,BATTER,30
48,8,UBA1,Karun,Nair,India,VCA,33,BATTER,30
49,8,UBA1,Angkrish,Raghuvanshi,India,MCA,20,BATTER,30
50,8,UBA1,Anmolpreet,Singh,India,PCA,27,BATTER,30
51,8,UBA1,Atharva,Taide,India,VCA,24,BATTER,30
52,8,UBA1,Nehal,Wadhera,India,PCA,24,BATTER,30
53,9,UAL1,Harpreet,Brar,India,PCA,29,ALL-ROUNDER,30
54,9,UAL1,Naman,Dhir,India,PCA,25,ALL-ROUNDER,30
55,9,UAL1,Mahipal,Lomror,India,RCA,25,ALL-ROUNDER,50
56,9,UAL1,Sameer,Rizvi,India,UPCA,21,ALL-ROUNDER,30
57,9,UAL1,Abdul,Samad,India,JKCA,23,ALL-ROUNDER,30
58,9,UAL1,Vijay,Shankar,India,TNCA,34,ALL-ROUNDER,30
59,9,UAL1,Ashutosh,Sharma,India,RSPB,26,ALL-ROUNDER,30
60,9,UAL1,Nishant,Sindhu,India,HCA,20,ALL-ROUNDER,30
61,9,UAL1,Utkarsh,Singh,India,JSCA,26,ALL-ROUNDER,30
62,10,UWK1,Aryan,Juyal,India,UPCA,23,WICKETKEEPER,30
63,10,UWK1,Kumar,Kushagra,India,JSCA,20,WICKETKEEPER,30
64,10,UWK1,Robin,Minz,India,JSCA,22,WICKETKEEPER,30
65,10,UWK1,Anuj,Rawat,India,DDCA,25,WICKETKEEPER,30
66,10,UWK1,Luvnith,Sisodia,India,KSCA,25,WICKETKEEPER,30
67,10,UWK1,Vishnu,Vinod,India,KCA,31,WICKETKEEPER,30
68,10,UWK1,Upendra Singh,Yadav,India,RSPB,28,WICKETKEEPER,30
69,11,UFA1,Vaibhav,Arora,India,HPCA,27,BOWLER,30
70,11,UFA1,Rasikh,Dar,India,JKCA,25,BOWLER,30
71,11,UFA1,Akash,Madhwal,India,CAU,31,BOWLER,30
72,11,UFA1,Mohit,Sharma,India,HCA,36,BOWLER,50
73,11,UFA1,Simarjeet,Singh,India,DDCA,27,BOWLER,30
74,11,UFA1,Yash,Thakur,India,VCA,26,BOWLER,30
75,11,UFA1,Kartik,Tyagi,India,UPCA,24,BOWLER,40
76,11,UFA1,Vyshak,Vijaykumar,India,KSCA,28,BOWLER,30
77,12,USP1,Piyush,Chawla,India,UPCA,36,BOWLER,50
78,12,USP1,Shreyas,Gopal,India,KSCA,31,BOWLER,30
79,12,USP1,Mayank,Markande,India,PCA,27,BOWLER,30
80,12,USP1,Suyash,Sharma,India,DDCA,21,BOWLER,30
81,12,USP1,Karn,Sharma,India,RSPB,37,BOWLER,50
82,12,USP1,Kumar Kartikeya,Singh,India,MPCA,27,BOWLER,30
83,12,USP1,Manav,Suthar,India,RCA,22,BOWLER,30
84,13,BA2,Mayank,Agarawal,India,KSCA,34,BATTER,100
85,13,BA2,Faf,Du Plessis,South Africa,,40,BATTER,200
86,13,BA2,Glenn,Phillips,New Zealand,,28,BATTER,200
87,13,BA2,Rovman,Powell,West Indies,,31,BATTER,150
88,13,BA2,Ajinkya,Rahane,India,MCA,36,BATTER,150
89,13,BA2,Prithvi,Shaw,India,MCA,25,BATTER,75
90,13,BA2,Kane,Williamson,New Zealand,,34,BATTER,200
91,14,AL2,Sam,Curran,England,,26,ALL-ROUNDER,200
92,14,AL2,Marco,Jansen,South Africa,,24,ALL-ROUNDER,125
93,14,AL2,Daryl,Mitchell,New Zealand,,33,ALL-ROUNDER,200
94,14,AL2,Krunal,Pandya,India,BCA,34,ALL-ROUNDER,200
95,14,AL2,Nitish,Rana,India,UPCA,31,ALL-ROUNDER,150
96,14,AL2,Washington,Sundar,India,TNCA,25,ALL-ROUNDER,200
97,14,AL2,Shardul,Thakur,India,MCA,33,ALL-ROUNDER,200
98,15,WK2,K.S,Bharat,India,ACA,31,WICKETKEEPER,75
99,15,WK2,Alex,Carey,Australia,,33,WICKETKEEPER,100
100,15,WK2,Donovan,Ferreira,South Africa,,26,WICKETKEEPER,75
101,15,WK2,Shai,Hope,West Indies,,31,WICKETKEEPER,125
102,15,WK2,Josh,Inglis,Australia,,30,WICKETKEEPER,200
103,15,WK2,Ryan,Rickelton,South Africa,,28,WICKETKEEPER,100
104,16,FA2,Deepak,Chahar,India,RCA,32,BOWLER,200
105,16,FA2,Gerald,Coetzee,South Africa,,24,BOWLER,125
106,16,FA2,Akash,Deep,India,CAB,28,BOWLER,100
107,16,FA2,Tushar,Deshpande,India,MCA,29,BOWLER,100
108,16,FA2,Lockie,Ferguson,New Zealand,,33,BOWLER,200
109,16,FA2,Bhuvneshwar,Kumar,India,UPCA,35,BOWLER,200
110,16,FA2,Mukesh,Kumar,India,CAB,31,BOWLER,200
111,17,SP2,Allah,Ghazanfar,Afghanistan,,19,BOWLER,75
112,17,SP2,Akeal,Hosein,West Indies,,31,BOWLER,150
113,17,SP2,Keshav,Maharaj,South Africa,,35,BOWLER,75
114,17,SP2,Mujeeb Ur,Rahman,Afghanistan,,24,BOWLER,200
115,17,SP2,Adil,Rashid,England,,37,BOWLER,200
116,17,SP2,Vijayakanth,Viyaskanth,Sri Lanka,,23,BOWLER,75
117,18,UBA2,Ricky,Bhui,India,ACA,28,BATTER,30
118,18,UBA2,Swastik,Chhikara,India,UPCA,20,BATTER,30
119,18,UBA2,Aarya,Desai,India,GUCA,22,BATTER,30
120,18,UBA2,Shubham,Dubey,India,VCA,30,BATTER,30
121,18,UBA2,Madhav,Kaushik,India,UPCA,27,BATTER,30
122,18,UBA2,Pukhraj,Mann,India,PCA,23,BATTER,30
123,18,UBA2,Shaik,Rasheed,India,ACA,20,BATTER,30
124,18,UBA2,Himmat,Singh,India,DDCA,28,BATTER,30
125,19,UAL2,Mayank,Dagar,India,HPCA,28,ALL-ROUNDER,30
126,19,UAL2,Anshul,Kamboj,India,HCA,24,ALL-ROUNDER,30
127,19,UAL2,Mohd. Arshad,Khan,India,MPCA,27,ALL-ROUNDER,30
128,19,UAL2,Darshan,Nalkande,India,VCA,26,ALL-ROUNDER,30
129,19,UAL2,Suyash,Prabhudessai,India,GCA,27,ALL-ROUNDER,30
130,19,UAL2,Anukul,Roy,India,JSCA,26,ALL-ROUNDER,30
131,19,UAL2,Swapnil,Singh,India,CAU,34,ALL-ROUNDER,30
132,19,UAL2,Sanvir,Singh,India,PCA,28,ALL-ROUNDER,30
133,20,UWK2,Avanish,Aravelly,India,HYCA,19,WICKETKEEPER,30
134,20,UWK2,Vansh,Bedi,India,DDCA,22,WICKETKEEPER,30
135,20,UWK2,Saurav,Chauhan,India,GUCA,24,WICKETKEEPER,30
136,20,UWK2,Harvik,Desai,India,SCA,25,WICKETKEEPER,30
137,20,UWK2,Tom,Kohler-Cadmore,England,,30,WICKETKEEPER,50
138,20,UWK2,Kunal,Rathore,India,RCA,22,WICKETKEEPER,30
139,20,UWK2,B.R,Sharath,India,KSCA,28,WICKETKEEPER,30
140,21,UFA2,Gurnoor Singh,Brar,India,PCA,24,BOWLER,30
141,21,UFA2,Mukesh,Choudhary,India,MACA,28,BOWLER,30
142,21,UFA2,Sakib,Hussain,India,BICA,20,BOWLER,30
143,21,UFA2,Vidwath,Kaverappa,India,KSCA,26,BOWLER,30
144,21,UFA2,Rajan,Kumar,India,CAU,28,BOWLER,30
145,21,UFA2,Sushant,Mishra,India,JSCA,24,BOWLER,30
146,21,UFA2,Arjun,Tendulkar,India,GCA,25,BOWLER,30
147,22,USP2,Zeeshan,Ansari,India,UPCA,25,BOWLER,30
148,22,USP2,Prince,Choudhary,India,DDCA,25,BOWLER,30
149,22,USP2,Himanshu,Sharma,India,RCA,26,BOWLER,30
150,22,USP2,M.,Siddharth,India,TNCA,26,BOWLER,30
151,22,USP2,Digvesh,Singh,India,DDCA,25,BOWLER,30
152,22,USP2,Prashant,Solanki,India,MACA,25,BOWLER,30
153,22,USP2,Jhathavedh,Subramanyan,India,TNCA,25,BOWLER,30
154,23,BA3,Finn,Allen,New Zealand,,25,BATTER,200
155,23,BA3,Dewald,Brevis,South Africa,,21,BATTER,75
156,23,BA3,Ben,Duckett,England,,30,BATTER,200
157,23,BA3,Manish,Pandey,India,KSCA,35,BATTER,75
158,23,BA3,Rilee,Rossouw,South Africa,,35,BATTER,200
159,23,BA3,Sherfane,Rutherford,West Indies,,26,BATTER,150
160,23,BA3,Ashton,Turner,Australia,,32,BATTER,100
161,23,BA3,James,Vince,England,,34,BATTER,200
162,24,AL3,Shahbaz,Ahamad,India,CAB,30,ALL-ROUNDER,100
163,24,AL3,Moeen,Ali,England,,37,ALL-ROUNDER,200
164,24,AL3,Tim,David,Australia,,29,ALL-ROUNDER,200
165,24,AL3,Deepak,Hooda,India,RCA,29,ALL-ROUNDER,75
166,24,AL3,Will,Jacks,England,,26,ALL-ROUNDER,200
167,24,AL3,Azmatullah,Omarzai,Afghanistan,,25,ALL-ROUNDER,150
168,24,AL3,R.,Sai Kishore,India,TNCA,28,ALL-ROUNDER,75
169,24,AL3,Romario,Shepherd,West Indies,,30,ALL-ROUNDER,150
170,25,WK3,Tom,Banton,England,,26,WICKETKEEPER,200
171,25,WK3,Sam,Billings,England,,33,WICKETKEEPER,150
172,25,WK3,Jordan,Cox,England,,24,WICKETKEEPER,125
173,25,WK3,Ben,McDermott,Australia,,30,WICKETKEEPER,75
174,25,WK3,Kusal,Mendis,Sri Lanka,,30,WICKETKEEPER,75
175,25,WK3,Kusal,Perera,Sri Lanka,,34,WICKETKEEPER,75
176,25,WK3,Josh,Philippe,Australia,,27,WICKETKEEPER,75
177,25,WK3,Tim,Seifert,New Zealand,,30,WICKETKEEPER,125
178,26,FA3,Nandre,Burger,South Africa,,29,BOWLER,125
179,26,FA3,Spencer,Johnson,Australia,,29,BOWLER,200
180,26,FA3,Umran,Malik,India,JKCA,25,BOWLER,75
181,26,FA3,Mustafizur,Rahman,Bangladesh,,29,BOWLER,200
182,26,FA3,Ishant,Sharma,India,DDCA,36,BOWLER,75
183,26,FA3,Nuwan,Thushara,Sri Lanka,,30,BOWLER,75
184,26,FA3,Naveen,Ul Haq,Afghanistan,,25,BOWLER,200
185,26,FA3,Jaydev,Unadkat,India,SCA,33,BOWLER,100
186,26,FA3,Umesh,Yadav,India,VCA,37,BOWLER,200
187,27,SP3,Rishad,Hossain,Bangladesh,,22,BOWLER,75
188,27,SP3,Zahir Khan,Pakten,Afghanistan,,26,BOWLER,75
189,27,SP3,Nqabayomzi,Peter,South Africa,,23,BOWLER,75
190,27,SP3,Tanveer,Sangha,Australia,,23,BOWLER,75
191,27,SP3,Tabraiz,Shamsi,South Africa,,35,BOWLER,200
192,27,SP3,Jeffery,Vandersay,Sri Lanka,,35,BOWLER,75
193,28,UBA3,Sachin,Baby,India,KCA,36,BATTER,30
194,28,UBA3,Priyam,Garg,India,UPCA,24,BATTER,30
195,28,UBA3,Harnoor,Pannu,India,PCA,22,BATTER,30
196,28,UBA3,Smaran,Ravichandran,India,KSCA,21,BATTER,30
197,28,UBA3,Shashwat,Rawat,India,BCA,24,BATTER,30
198,28,UBA3,Andre,Siddarth,India,TNCA,18,BATTER,30
199,28,UBA3,Avneesh,Sudha,India,CAU,23,BATTER,30
200,28,UBA3,Apoorv,Wankhade,India,VCA,33,BATTER,30
201,29,UAL3,Yudhvir,Charak,India,JKCA,27,ALL-ROUNDER,30
202,29,UAL3,Rishi,Dhawan,India,HPCA,35,ALL-ROUNDER,30
203,29,UAL3,Rajvardhan,Hangargekar,India,MACA,22,ALL-ROUNDER,30
204,29,UAL3,Tanush,Kotian,India,MCA,26,ALL-ROUNDER,30
205,29,UAL3,Arshin,Kulkarni,India,MACA,20,ALL-ROUNDER,30
206,29,UAL3,Shams,Mulani,India,MCA,28,ALL-ROUNDER,30
207,29,UAL3,Shivam,Singh,India,TNCA,29,ALL-ROUNDER,30
208,29,UAL3,Lalit,Yadav,India,DDCA,28,ALL-ROUNDER,30
209,30,UWK3,Mohammed,Azharuddeen,India,KCA,31,WICKETKEEPER,30
210,30,UWK3,L.R,Chethan,India,KSCA,24,WICKETKEEPER,30
211,30,UWK3,Aryaman Singh,Dhaliwal,India,PCA,22,WICKETKEEPER,30
212,30,UWK3,Urvil,Patel,India,GUCA,26,WICKETKEEPER,30
213,30,UWK3,Sanskar,Rawat,India,CAU,19,WICKETKEEPER,30
214,30,UWK3,Bipin,Saurabh,India,BICA,25,WICKETKEEPER,30
215,30,UWK3,Tanay,Thyagarajann,India,HYCA,29,WICKETKEEPER,30
216,31,UFA3,Money,Grewal,India,DDCA,24,BOWLER,30
217,31,UFA3,Ashwani,Kumar,India,PCA,23,BOWLER,30
218,31,UFA3,Ishan,Porel,India,CAB,26,BOWLER,30
219,31,UFA3,Abhilash,Shetty,India,KSCA,26,BOWLER,30
220,31,UFA3,Akash,Singh,India,BCA,22,BOWLER,30
221,31,UFA3,Gurjapneet,Singh,India,TNCA,26,BOWLER,30
222,31,UFA3,Basil,Thampi,India,KCA,31,BOWLER,30
223,32,USP3,Murugan,Ashwin,India,JKCA,34,BOWLER,30
224,32,USP3,Shreyas,Chavan,India,MACA,21,BOWLER,30
225,32,USP3,Chintal,Gandhi,India,BCA,30,BOWLER,30
226,32,USP3,Raghav,Goyal,India,HCA,23,BOWLER,30
227,32,USP3,Jagadeesha,Suchith,India,NCA,31,BOWLER,30
228,32,USP3,Roshan,Waghsare,India,MACA,21,BOWLER,30
229,32,USP3,Bailapudi,Yeswanth,India,ACA,20,BOWLER,30
230,33,BA4,Sediqullah,Atal,Afghanistan,,23,BATTER,75
231,33,BA4,Matthew,Breetzke,South Africa,,26,BATTER,75
232,33,BA4,Mark,Chapman,New Zealand,,30,BATTER,150
233,33,BA4,Brandon,King,West Indies,,30,BATTER,75
234,33,BA4,Evin,Lewis,West Indies,,33,BATTER,200
235,33,BA4,Pathum,Nissanka,Sri Lanka,,26,BATTER,75
236,33,BA4,Bhanuka,Rajapaksa,Sri Lanka,,33,BATTER,75
237,33,BA4,Steve,Smith,Australia,,35,BATTER,200
238,34,AL4,Gus,Atkinson,England,,27,ALL-ROUNDER,200
239,34,AL4,Tom,Curran,England,,30,ALL-ROUNDER,200
240,34,AL4,Krishnappa,Gowtham,India,KSCA,36,ALL-ROUNDER,100
241,34,AL4,Mohammad,Nabi,Afghanistan,,40,ALL-ROUNDER,150
242,34,AL4,Gulbadin,Naib,Afghanistan,,33,ALL-ROUNDER,100
243,34,AL4,Sikandar,Raza,Zimbabwe,,38,ALL-ROUNDER,125
244,34,AL4,Mitchell,Santner,New Zealand,,33,ALL-ROUNDER,200
245,34,AL4,Jayant,Yadav,India,HCA,35,ALL-ROUNDER,75
246,35,WK4,Johnson,Charles,West Indies,,36,WICKETKEEPER,75
247,35,WK4,Litton,Das,Bangladesh,,30,WICKETKEEPER,75
248,35,WK4,Andre,Fletcher,West Indies,,37,WICKETKEEPER,75
249,35,WK4,Tom,Latham,New Zealand,,33,WICKETKEEPER,75
250,35,WK4,Ollie,Pope,England,,27,WICKETKEEPER,75
251,35,WK4,Kyle,Verreynne,South Africa,,27,WICKETKEEPER,75
252,36,FA4,Fazalhaq,Farooqi,Afghanistan,,24,BOWLER,200
253,36,FA4,Richard,Gleeson,England,,37,BOWLER,75
254,36,FA4,Matt,Henry,New Zealand,,33,BOWLER,200
255,36,FA4,Alzarri,Joseph,West Indies,,28,BOWLER,200
256,36,FA4,Kwena,Maphaka,South Africa,,18,BOWLER,75
257,36,FA4,Kuldeep,Sen,India,MPCA,28,BOWLER,75
258,36,FA4,Reece,Topley,England,,31,BOWLER,75
259,36,FA4,Lizaad,Williams,South Africa,,31,BOWLER,75
260,36,FA4,Luke,Wood,England,,29,BOWLER,75
261,37,UBA4,Sachin,Dhas,India,MACA,20,BATTER,75
262,37,UBA4,Leus,Du Plooy,England,,30,BATTER,75
263,37,UBA4,Ashwin,Hebbar,India,ACA,29,BATTER,75
264,37,UBA4,Rohan,Kunnummal,India,KCA,26,BATTER,75
265,37,UBA4,Ayush,Pandey,India,CSCSCA,21,BATTER,75
266,37,UBA4,Akshat,Raghuwanshi,India,MPCA,21,BATTER,75
267,37,UBA4,Shoun,Roger,India,KCA,22,BATTER,75
268,37,UBA4,Virat,Singh,India,JSCA,27,BATTER,75
269,38,UAL4,Priyansh,Arya,India,DDCA,23,ALL-ROUNDER,75
270,38,UAL4,Manoj,Bhandage,India,KSCA,26,ALL-ROUNDER,30
271,38,UAL4,Pravin,Dubey,India,KSCA,31,ALL-ROUNDER,30
272,38,UAL4,Ajay,Mandal,India,CSCSCA,29,ALL-ROUNDER,30
273,38,UAL4,Prerak,Mankad,India,SCA,30,ALL-ROUNDER,30
274,38,UAL4,Vipraj,Nigam,India,UPCA,20,ALL-ROUNDER,30
275,38,UAL4,Vicky,Ostwal,India,MACA,22,ALL-ROUNDER,30
276,38,UAL4,Shivalik,Sharma,India,BCA,26,ALL-ROUNDER,30
277,39,UWK4,Salil,Arora,India,PCA,22,WICKETKEEPER,30
278,39,UWK4,Dinesh,Bana,India,HCA,20,WICKETKEEPER,30
279,39,UWK4,Ajitesh,Guruswamy,India,TNCA,22,WICKETKEEPER,30
280,39,UWK4,Narayan,Jagadeesan,India,TNCA,29,WICKETKEEPER,30
281,39,UWK4,Shrijith,Krishnan,India,KSCA,28,WICKETKEEPER,30
282,39,UWK4,Michael,Pepper,England,,26,WICKETKEEPER,30
283,39,UWK4,Vishnu,Solanki,India,BCA,32,WICKETKEEPER,30
284,40,UFA4,K.M,Asif,India,KCA,31,BOWLER,30
285,40,UFA4,Akhil,Chaudhary,India,DDCA,22,BOWLER,30
286,40,UFA4,Himanshu,Chauhan,India,DDCA,22,BOWLER,30
287,40,UFA4,Arpit,Guleria,India,HPCA,27,BOWLER,30
288,40,UFA4,Nishanth,Saranu,India,HYCA,20,BOWLER,30
289,40,UFA4,Kuldip,Yadav,India,DDCA,28,BOWLER,30
290,40,UFA4,Prithviraj,Yarra,India,ACA,27,BOWLER,30
291,41,USP4,Shubham,Agrawal,India,CSCSCA,31,BOWLER,30
292,41,USP4,Jass Inder,Baidwan,India,PCA,28,BOWLER,30
293,41,USP4,Jasmer,Dhankhar,India,UPCA,26,BOWLER,30
294,41,USP4,Pulkit,Narang,India,SSCB,30,BOWLER,30
295,41,USP4,Saumy,Pandey,India,MPCA,20,BOWLER,30
296,41,USP4,Mohit,Rathee,India,SSCB,26,BOWLER,30
297,41,USP4,Himanshu,Singh,India,MCA,21,BOWLER,30
298,42,BA5,Towhid,Hridoy,Bangladesh,,24,BATTER,50
299,42,BA5,Mikyle,Louis,West Indies,,24,BATTER,50
300,42,BA5,Harry,Tector,Ireland,,25,BATTER,50
301,42,BA5,Rassie,Van Der Dussen,South Africa,,36,BATTER,50
302,42,BA5,Will,Young,New Zealand,,32,BATTER,50
303,42,BA5,Najibullah,Zadran,Afghanistan,,32,BATTER,50
304,42,BA5,Ibrahim,Zadran,Afghanistan,,24,BATTER,50
305,43,AL5,Sean,Abbott,Australia,,33,ALL-ROUNDER,50
306,43,AL5,Jacob,Bethell,England,,21,ALL-ROUNDER,50
307,43,AL5,Brydon,Carse,England,,29,ALL-ROUNDER,50
308,43,AL5,Aaron,Hardie,Australia,,26,ALL-ROUNDER,50
309,43,AL5,Sarfaraz,Khan,India,MCA,27,ALL-ROUNDER,50
310,43,AL5,Kyle,Mayers,West Indies,,32,ALL-ROUNDER,150
311,43,AL5,Kamindu,Mendis,Sri Lanka,,26,ALL-ROUNDER,100
312,43,AL5,Matthew,Short,Australia,,29,ALL-ROUNDER,100
313,44,FA5,Jason,Behrendorff,Australia,,34,BOWLER,150
314,44,FA5,Dushmantha,Chameera,Sri Lanka,,33,BOWLER,75
315,44,FA5,Nathan,Ellis,Australia,,30,BOWLER,125
316,44,FA5,Shamar,Joseph,West Indies,,25,BOWLER,75
317,44,FA5,Josh,Little,Ireland,,25,BOWLER,75
318,44,FA5,Shivam,Mavi,India,UPCA,26,BOWLER,75
319,44,FA5,Jhye,Richardson,Australia,,28,BOWLER,150
320,44,FA5,Navdeep,Saini,India,DDCA,32,BOWLER,75
321,45,UBA5,Tanmay,Agarwal,India,HYCA,29,BATTER,30
322,45,UBA5,Amandeep,Khare,India,CSCSCA,27,BATTER,30
323,45,UBA5,Ayush,Mhatre,India,MCA,17,BATTER,30
324,45,UBA5,Salman,Nizar,India,KCA,27,BATTER,30
325,45,UBA5,Aniket,Verma,India,MPCA,23,BATTER,30
326,45,UBA5,Sumeet,Verma,India,HPCA,34,BATTER,30
327,45,UBA5,Manan,Vohra,India,UTCA,31,BATTER,30
328,45,UBA5,Samarth,Vyas,India,SCA,29,BATTER,30
329,46,UAL5,Raj Angad,Bawa,India,UTCA,22,ALL-ROUNDER,30
330,46,UAL5,Emanjot,Chahal,India,PCA,20,ALL-ROUNDER,30
331,46,UAL5,Musheer,Khan,India,MCA,20,ALL-ROUNDER,30
332,46,UAL5,Manvanth,Kumar L,India,KSCA,21,ALL-ROUNDER,30
333,46,UAL5,Mayank,Rawat,India,DDCA,25,ALL-ROUNDER,30
334,46,UAL5,Suryansh,Shedge,India,MCA,22,ALL-ROUNDER,30
335,46,UAL5,Hritik,Shokeen,India,DDCA,24,ALL-ROUNDER,30
336,46,UAL5,Sonu,Yadav,India,TNCA,25,ALL-ROUNDER,30
337,47,UWK5,S. Rithik,Easwaran,India,TNCA,23,WICKETKEEPER,30
338,47,UWK5,Anmol,Malhotra,India,PCA,29,WICKETKEEPER,30
339,47,UWK5,Pradosh,Paul,India,TNCA,24,WICKETKEEPER,30
340,47,UWK5,Karteek,Sharma,India,PCA,23,WICKETKEEPER,30
341,47,UWK5,Akash,Singh,India,ARCA,29,WICKETKEEPER,30
342,47,UWK5,Tejasvi,Singh,India,DDCA,22,WICKETKEEPER,30
343,47,UWK5,Siddharth,Yadav,India,UPCA,21,WICKETKEEPER,30
344,48,UFA5,Saurabh,Dubey,India,VCA,27,BOWLER,30
345,48,UFA5,Aaqib,Khan,India,UPCA,21,BOWLER,30
346,48,UFA5,Kulwant,Khejroliya,India,MPCA,33,BOWLER,30
347,48,UFA5,Ankit Singh,Rajpoot,India,UPCA,31,BOWLER,30
348,48,UFA5,Divesh,Sharma,India,HPCA,23,BOWLER,30
349,48,UFA5,Naman,Tiwari,India,UPCA,19,BOWLER,30
350,48,UFA5,Prince,Yadav,India,DDCA,23,BOWLER,30
351,49,USP5,Kunal Singh,Chibb,India,JKCA,28,BOWLER,30
352,49,USP5,Yuvraj,Chudasama,India,SCA,29,BOWLER,30
353,49,USP5,Deepak,Devadiga,India,KSCA,25,BOWLER,30
354,49,USP5,Ramesh,Prasad,India,CAB,31,BOWLER,30
355,49,USP5,Shivam,Shukla,India,MPCA,29,BOWLER,30
356,49,USP5,Himanshu,Singh,India,BICA,27,BOWLER,30
357,49,USP5,Tejpreet,Singh,India,PCA,24,BOWLER,30
358,50,AL6,Qais,Ahmad,Afghanistan,,24,ALL-ROUNDER,30
359,50,AL6,Charith,Asalanka,Sri Lanka,,27,ALL-ROUNDER,30
360,50,AL6,Michael,Bracewell,New Zealand,,34,ALL-ROUNDER,75
361,50,AL6,Gudakesh,Motie,West Indies,,30,ALL-ROUNDER,75
362,50,AL6,Daniel,Mousley,England,,23,ALL-ROUNDER,75
363,50,AL6,Jamie,Overton,England,,41,ALL-ROUNDER,75
364,50,AL6,Dunith,Wellalage,Sri Lanka,,22,ALL-ROUNDER,75
365,51,FA6,Ottneil,Baartman,South Africa,,32,BOWLER,75
366,51,FA6,Xavier,Bartlett,Australia,,26,BOWLER,75
367,51,FA6,Dilshan,Madushanka,Sri Lanka,,24,BOWLER,75
368,51,FA6,Adam,Milne,New Zealand,,32,BOWLER,75
369,51,FA6,Lungisani,Ngidi,South Africa,,29,BOWLER,100
370,51,FA6,William,O'Rourke,New Zealand,,23,BOWLER,75
371,51,FA6,Chetan,Sakariya,India,SCA,27,BOWLER,75
372,51,FA6,Sandeep,Warrier,India,TNCA,34,BOWLER,30
373,52,UBA6,Musaif,Ajaz,India,JKCA,22,BATTER,30
374,52,UBA6,Agni,Chopra,India,CAM,26,BATTER,30
375,52,UBA6,Abhimanyu,Easwaran,India,CAB,29,BATTER,30
376,52,UBA6,Sudip,Gharami,India,CAB,26,BATTER,30
377,52,UBA6,Shubham,Khajuria,India,JKCA,29,BATTER,30
378,52,UBA6,Akhil,Rawat,India,CAU,24,BATTER,30
379,52,UBA6,Prateek,Yadav,India,CSCSCA,26,BATTER,30
380,53,UAL6,Abdul,Bazith,India,KCA,26,ALL-ROUNDER,30
381,53,UAL6,K.C,Cariappa,India,CAM,30,ALL-ROUNDER,30
382,53,UAL6,Yuvraj,Chaudhary,India,CAU,23,ALL-ROUNDER,30
383,53,UAL6,Aman,Khan,India,CAP,28,ALL-ROUNDER,30
384,53,UAL6,Sumit,Kumar,India,HCA,29,ALL-ROUNDER,30
385,53,UAL6,Kamlesh,Nagarkoti,India,RCA,25,ALL-ROUNDER,30
386,53,UAL6,Hardik,Raj,India,KSCA,19,ALL-ROUNDER,30
387,53,UAL6,Harsh,Tyagi,India,DDCA,25,ALL-ROUNDER,30
388,54,UWK6,M.,Ajnas,India,KCA,27,WICKETKEEPER,30
389,54,UWK6,Unmukt,Chand,USA,,32,WICKETKEEPER,30
390,54,UWK6,Tejasvi,Dahiya,India,DDCA,22,WICKETKEEPER,30
391,54,UWK6,Sumit,Ghadigaonkar,India,ASCA,32,WICKETKEEPER,30
392,54,UWK6,Baba,Indrajith,India,TNCA,30,WICKETKEEPER,30
393,54,UWK6,Muhammed,Khan,India,TNCA,24,WICKETKEEPER,30
394,54,UWK6,Bhagmender,Lather,India,UTCA,27,WICKETKEEPER,30
395,55,UFA6,Baltej,Dhanda,India,PCA,34,BOWLER,30
396,55,UFA6,Ali,Khan,USA,,34,BOWLER,30
397,55,UFA6,Ravi,Kumar,India,CAB,21,BOWLER,30
398,55,UFA6,Vineet,Panwar,India,UPCA,26,BOWLER,30
399,55,UFA6,Vidyadhar,Patil,India,KSCA,24,BOWLER,30
400,55,UFA6,Aradhya,Shukla,India,PCA,20,BOWLER,30
401,55,UFA6,Abhinandan,Singh,India,UPCA,28,BOWLER,30
402,56,AL7,Cooper,Connolly,Australia,,21,ALL-ROUNDER,50
403,56,AL7,Dushan,Hemantha,Sri Lanka,,30,ALL-ROUNDER,50
404,56,AL7,Jason,Holder,West Indies,,33,ALL-ROUNDER,50
405,56,AL7,Karim,Janat,Afghanistan,,26,ALL-ROUNDER,50
406,56,AL7,Jimmy,Neesham,New Zealand,,34,ALL-ROUNDER,50
407,56,AL7,Daniel,Sams,Australia,,32,ALL-ROUNDER,50
408,56,AL7,William,Sutherland,Australia,,25,ALL-ROUNDER,30
409,57,FA7,Taskin,Ahmed,Bangladesh,,30,BOWLER,50
410,57,FA7,Ben,Dwarshuis,Australia,,30,BOWLER,50
411,57,FA7,Obed,McCoy,West Indies,,28,BOWLER,50
412,57,FA7,Riley,Meredith,Australia,,28,BOWLER,50
413,57,FA7,Lance,Morris,Australia,,27,BOWLER,50
414,57,FA7,Olly,Stone,England,,31,BOWLER,50
415,57,FA7,Daniel,Worrall,England,,33,BOWLER,50
416,58,UBA7,Pyla,Avinash,India,ACA,24,BATTER,30
417,58,UBA7,Kiran,Chormale,India,MACA,19,BATTER,30
418,58,UBA7,Ashish,Dahariya,India,CSCSCA,20,BATTER,30
419,58,UBA7,Tushar,Raheja,India,TNCA,24,BATTER,30
420,58,UBA7,Sarthak,Ranjan,India,DDCA,28,BATTER,30
421,58,UBA7,Abhijeet,Tomar,India,RCA,30,BATTER,30
422,59,UAL7,Krish,Bhagat,India,PCA,20,ALL-ROUNDER,30
423,59,UAL7,Sohraab,Dhaliwal,India,PCA,33,ALL-ROUNDER,30
424,59,UAL7,Harsh,Dubey,India,VCA,22,ALL-ROUNDER,30
425,59,UAL7,Ramakrishna,Ghosh,India,MACA,27,ALL-ROUNDER,30
426,59,UAL7,Raj,Limbani,India,BCA,20,ALL-ROUNDER,30
427,59,UAL7,Ninad,Rathva,India,BCA,26,ALL-ROUNDER,30
428,59,UAL7,Vivrant,Sharma,India,JKCA,25,ALL-ROUNDER,30
429,59,UAL7,Shiva,Singh,India,UPCA,25,ALL-ROUNDER,30
430,60,UFA7,Sayed Irfan,Aftab,India,CAB,21,BOWLER,30
431,60,UFA7,Anirudh,Chowdhary,India,DDCA,25,BOWLER,30
432,60,UFA7,Anshuman,Hooda,India,DDCA,24,BOWLER,30
433,60,UFA7,Siddharth,Kaul,India,PCA,34,BOWLER,30
434,60,UFA7,Prashant Sai,Painkra,India,CSCSCA,22,BOWLER,30
435,60,UFA7,Venkata Satyanarayana,Penmetsa,India,ACA,25,BOWLER,30
436,60,UFA7,Yeddala,Reddy,India,ACA,25,BOWLER,30
437,61,AL8,Zak,Foulkes,New Zealand,,22,ALL-ROUNDER,50
438,61,AL8,Chris,Green,Australia,,31,ALL-ROUNDER,50
439,61,AL8,Shakib Al,Hasan,Bangladesh,,38,ALL-ROUNDER,50
440,61,AL8,Mehidy Hasan,Miraz,Bangladesh,,27,ALL-ROUNDER,50
441,61,AL8,Wiaan,Mulder,South Africa,,27,ALL-ROUNDER,50
442,61,AL8,Dwaine,Pretorius,South Africa,,36,ALL-ROUNDER,50
443,61,AL8,Dasun,Shanaka,Sri Lanka,,33,ALL-ROUNDER,50
444,62,FA8,Shoriful,Islam,Bangladesh,,23,BOWLER,50
445,62,FA8,Blessing,Muzarabani,Zimbabwe,,28,BOWLER,50
446,62,FA8,Matthew,Potts,England,,26,BOWLER,50
447,62,FA8,Tanzim Hasan,Sakib,Bangladesh,,22,BOWLER,50
448,62,FA8,Benjamin,Sears,New Zealand,,27,BOWLER,50
449,62,FA8,Tim,Southee,New Zealand,,36,BOWLER,50
450,62,FA8,John,Turner,England,,23,BOWLER,30
451,63,UBA8,Joshua,Brown,Australia,,31,BATTER,30
452,63,UBA8,Oliver,Davies,Australia,,24,BATTER,30
453,63,UBA8,Bevan John,Jacobs,New Zealand,,22,BATTER,30
454,63,UBA8,Atharva,Kale,India,MACA,25,BATTER,30
455,63,UBA8,Abhishek,Nair,India,KCA,20,BATTER,30
456,63,UBA8,Vishwanath Pratap,Singh,India,PCA,26,BATTER,30
457,64,UAL8,Nasir,Lone,India,JKCA,27,ALL-ROUNDER,30
458,64,UAL8,Brandon,McMullen,Scotland,,25,ALL-ROUNDER,30
459,64,UAL8,S.,Midhun,India,KCA,30,ALL-ROUNDER,30
460,64,UAL8,Abid,Mushtaq,India,JKCA,28,ALL-ROUNDER,30
461,64,UAL8,Mahesh,Pithiya,India,BCA,23,ALL-ROUNDER,30
462,64,UAL8,Maramreddy,Reddy,India,ACA,22,ALL-ROUNDER,30
463,64,UAL8,Atit,Sheth,India,BCA,29,ALL-ROUNDER,30
464,64,UAL8,Jonty,Sidhu,India,DDCA,27,ALL-ROUNDER,30
465,65,UFA8,Mohit,Avasthi,India,MCA,32,BOWLER,30
466,65,UFA8,Faridoon,Dawoodzai,Afghanistan,,19,BOWLER,30
467,65,UFA8,Praful,Hinge,India,VCA,23,BOWLER,30
468,65,UFA8,Pankaj,Jaswal,India,HPCA,29,BOWLER,30
469,65,UFA8,Vijay,Kumar,India,UPCA,19,BOWLER,30
470,65,UFA8,Ashok,Sharma,India,RCA,22,BOWLER,30
471,65,UFA8,Mujtaba,Yousuf,India,JKCA,22,BOWLER,30
472,66,AL9,Ashton,Agar,Australia,,31,ALL-ROUNDER,30
473,66,AL9,Roston,Chase,West Indies,,33,ALL-ROUNDER,30
474,66,AL9,Junior,Dala,South Africa,,35,ALL-ROUNDER,30
475,66,AL9,Mahedi,Hasan,Bangladesh,,30,ALL-ROUNDER,30
476,66,AL9,Nangeyalia,Kharote,Afghanistan,,20,ALL-ROUNDER,30
477,66,AL9,Dan,Lawrence,England,,27,ALL-ROUNDER,30
478,66,AL9,Nathan,Smith,New Zealand,,26,ALL-ROUNDER,30
479,67,FA9,James,Anderson,England,,42,BOWLER,50
480,67,FA9,Kyle,Jamieson,New Zealand,,30,BOWLER,50
481,67,FA9,Chris,Jordan,England,,36,BOWLER,50
482,67,FA9,Hasan,Mahmud,Bangladesh,,28,BOWLER,30
483,67,FA9,Tymal,Mills,England,,32,BOWLER,50
484,67,FA9,David,Payne,England,,34,BOWLER,30
485,67,FA9,Nahid,Rana,Bangladesh,,22,BOWLER,30
486,68,UBA9,Prayas Ray,Barman,India,CAB,22,BATTER,30
487,68,UBA9,Jafar,Jamal,India,TNCA,35,BATTER,30
488,68,UBA9,Ayaz,Khan,India,MCA,22,BATTER,30
489,68,UBA9,Kaushik,Maity,India,CAB,25,BATTER,30
490,68,UBA9,Rituraj,Sharma,India,UPCA,22,BATTER,30
491,68,UBA9,Vaibhav,Suryavanshi,India,BICA,14,BATTER,30
492,69,UAL9,Kartik,Chadha,India,PCA,21,ALL-ROUNDER,30
493,69,UAL9,Writtick,Chatterjee,India,CAB,32,ALL-ROUNDER,30
494,69,UAL9,Prerit,Dutta,India,PCA,26,ALL-ROUNDER,30
495,69,UAL9,Rajneesh,Gurbani,India,MACA,32,ALL-ROUNDER,30
496,69,UAL9,Shubhang,Hegde,India,KSCA,24,ALL-ROUNDER,30
497,69,UAL9,Saransh,Jain,India,MPCA,32,ALL-ROUNDER,30
498,69,UAL9,Ripal,Patel,India,GUCA,29,ALL-ROUNDER,30
499,69,UAL9,Akash,Vashisht,India,HPCA,30,ALL-ROUNDER,30
500,70,UFA9,Anirudh,Kanwar,India,UTCA,31,BOWLER,30
501,70,UFA9,Shubham,Kapse,India,VCA,30,BOWLER,30
502,70,UFA9,Atif,Mushtaq,India,JKCA,22,BOWLER,30
503,70,UFA9,Dipesh,Parwani,India,VCA,25,BOWLER,30
504,70,UFA9,Manish,Reddy,India,HYCA,26,BOWLER,30
505,70,UFA9,Chetan,Sharma,India,RCA,19,BOWLER,30
506,70,UFA9,Avinash,Singh,India,JKCA,26,BOWLER,30
507,72,AL10,Alick,Athanaze,West Indies,,26,ALL-ROUNDER,30
508,72,AL10,Hilton,Cartwright,Australia,,33,ALL-ROUNDER,30
509,72,AL10,Dominic,Drakes,West Indies,,27,ALL-ROUNDER,30
510,72,FA10,Daryn,Dupavillon,South Africa,,30,BOWLER,30
511,72,AL10,Matthew,Forde,West Indies,,22,ALL-ROUNDER,30
512,72,AL10,Patrick,Kruger,South Africa,,30,ALL-ROUNDER,30
513,72,FA10,Lahiru,Kumara,Sri Lanka,,28,BOWLER,50
514,72,AL10,Michael,Neser,Australia,,35,ALL-ROUNDER,30
515,72,FA10,Richard,Ngarava,Zimbabwe,,27,BOWLER,30
516,72,FA10,Wayne,Parnell,South Africa,,35,BOWLER,50
517,72,AL10,Keemo,Paul,West Indies,,27,ALL-ROUNDER,50
518,72,AL10,Odean,Smith,West Indies,,28,ALL-ROUNDER,50
519,72,FA10,Andrew,Tye,Australia,,38,BOWLER,50
520,73,UAL10,Ajay,Ahlawat,India,DDCA,27,ALL-ROUNDER,30
521,73,UAL10,Corbin,Bosch,South Africa,,30,ALL-ROUNDER,50
522,73,UAL10,Mayank,Gusain,India,DDCA,23,ALL-ROUNDER,30
523,73,UAL10,Mukhtar,Hussain,India,ASCA,26,ALL-ROUNDER,30
524,73,UAL10,Girinath,Reddy,India,ACA,26,ALL-ROUNDER,30
525,73,UAL10,Jalaj,Saxena,India,KCA,38,ALL-ROUNDER,30
526,73,UAL10,Yajas,Sharma,India,DDCA,19,ALL-ROUNDER,30
527,73,UAL10,Sanjay,Yadav,India,TNCA,29,ALL-ROUNDER,30
528,74,UFA10,Vishal,Godara,India,RCA,22,BOWLER,30
529,74,UFA10,Eshan,Malinga,Sri Lanka,,24,BOWLER,30
530,74,UFA10,Samarth,Nagraj,India,KSCA,19,BOWLER,30
531,74,UFA10,Abhishek,Saini,India,UTCA,26,BOWLER,30
532,74,UFA10,Dumindu,Sewmina,Sri Lanka,,20,BOWLER,30
533,74,UFA10,Pradyuman Kumar,Singh,India,UTCA,23,BOWLER,30
534,74,UFA10,Vasu,Vats,India,UPCA,22,BOWLER,30
535,75,UAL11,Umang,Kumar,India,GUCA,24,ALL-ROUNDER,30
536,75,UAL11,Mohamed,Ali,India,TNCA,20,ALL-ROUNDER,30
537,75,UAL11,Atharva,Ankolekar,India,MCA,24,ALL-ROUNDER,30
538,75,UAL11,Vaisakh,Chandran,India,KCA,28,ALL-ROUNDER,30
539,75,UAL11,Auqib,Dar,India,JKCA,28,ALL-ROUNDER,30
540,75,UAL11,Rohit,Rayudu,India,HYCA,30,ALL-ROUNDER,30
541,75,UAL11,Uday,Saharan,India,PCA,20,ALL-ROUNDER,30
542,75,UAL11,Ayush,Vartak,India,MCA,20,ALL-ROUNDER,30
543,76,UAL12,Baba,Aparajith,India,KCA,30,ALL-ROUNDER,30
544,76,UAL12,Sumit Kumar,Beniwal,India,DDCA,25,ALL-ROUNDER,30
545,76,UAL12,Nishunk,Birla,India,UTCA,20,ALL-ROUNDER,30
546,76,UAL12,Digvijay,Deshmukh,India,MACA,26,ALL-ROUNDER,30
547,76,UAL12,Lakshay,Jain,India,TNCA,22,ALL-ROUNDER,30
548,76,UAL12,Duan,Jansen,South Africa,,24,ALL-ROUNDER,50
549,76,UAL12,Kritagya,Singh,India,UPCA,24,ALL-ROUNDER,30
550,76,UAL12,P.,Vignesh,India,TNCA,20,ALL-ROUNDER,30
551,77,UAL13,Sabhay,Chadha,India,CAP,26,ALL-ROUNDER,30
552,77,UAL13,Ben,Howell,England,,36,ALL-ROUNDER,50
553,77,UAL13,Hemanth,Kumar,India,ACA,20,ALL-ROUNDER,30
554,77,UAL13,Rohan,Rana,India,HCA,23,ALL-ROUNDER,30
555,77,UAL13,Bharat,Sharma,India,CAP,29,ALL-ROUNDER,30
556,77,UAL13,Pratham,Singh,India,RSPB,32,ALL-ROUNDER,30
557,77,UAL13,Tripurana,Vijay,India,ACA,23,ALL-ROUNDER,30
558,77,UAL13,Ravi,Yadav,India,JSCA,27,ALL-ROUNDER,30
559,78,UAL14,Arjun,Azad,India,UTCA,23,ALL-ROUNDER,30
560,78,UAL14,Abhay,Choudhary,India,PCA,22,ALL-ROUNDER,30
561,78,UAL14,Gaurav,Gambhir,India,UTCA,37,ALL-ROUNDER,30
562,78,UAL14,Shubham,Garhwal,India,RCA,29,ALL-ROUNDER,30
563,78,UAL14,Tejasvi,Jaiswal,India,TCA,28,ALL-ROUNDER,30
564,78,UAL14,Sairaj,Patil,India,MCA,28,ALL-ROUNDER,30
565,78,UAL14,Madhav,Tiwari,India,MPCA,21,ALL-ROUNDER,30
566,78,UAL14,Kamal,Tripathi,India,MPCA,26,ALL-ROUNDER,30
567,79,UAL15,Prashant,Chauhan,India,CAU,24,ALL-ROUNDER,30
568,79,UAL15,Yash,Dabas,India,DDCA,20,ALL-ROUNDER,30
569,79,UAL15,Dhruv,Kaushik,India,DDCA,24,ALL-ROUNDER,30
570,79,UAL15,Khrievitso,Kense,India,NCA,21,ALL-ROUNDER,30
571,79,UAL15,Akash,Parkar,India,MCA,30,ALL-ROUNDER,30
572,79,UAL15,Vignesh,Puthur,India,KCA,24,ALL-ROUNDER,30
573,79,UAL15,Tripuresh,Singh,India,MPCA,22,ALL-ROUNDER,30
574,79,UAL15,Vijay,Yadav,India,UPCA,23,ALL-ROUNDER,30
